Colombia - OECD Tourism Trends and Policies 2026	/content/dam/oecd/en/publications/reports/2026/06/oecd-tourism-trends-and-policies-2026_13326fe2/3fd3cd75-en.pdf
OECD Survey on Drivers of Trust in Public Institutions 2026 - Colombia	/content/dam/oecd/en/publications/reports/2026/06/oecd-survey-on-drivers-of-trust-in-public-institutions-2026-results-country-notes_6dae3a76/colombia_8eccb8a4/0a6d05a3-en.pdf
Development Co-operation Profiles - Colombia	/content/dam/oecd/en/publications/reports/2025/06/development-co-operation-profiles_02ffa45c/colombia_bf948740/32c7d65f-en.pdf
Digital Government Outlook 2026 - Colombia	/content/dam/oecd/en/publications/reports/2026/06/digital-government-outlook-2026-country-notes_296a844f/colombia_f76a28ad/cc2c0193-en.pdf
Anticipating and monitoring water risks for agriculture in Colombia	/content/dam/oecd/en/publications/reports/2026/04/tad-case-studies_a57155d5/anticipating-and-monitoring-water-risks-for-agriculture-in-colombia_5f0a18ee/f78797f8-en.pdf
Colombia - OECD Economic Outlook 2026 Issue 1	/content/dam/oecd/en/publications/reports/2026/06/oecd-economic-outlook-volume-2026-issue-1_8be0dba6/2d1956f0-en.pdf
Trade in Value Added - Colombia	/content/dam/oecd/en/publications/reports/2026/06/trade-in-value-added-country-notes_b71e7fb9/colombia_59286296/189a8b9f-en.pdf
Revenue Statistics in LAC 2026 - Colombia	/content/dam/oecd/en/publications/reports/2026/04/revenue-statistics-in-latin-america-and-the-caribbean-2026-country-notes_968b866c/colombia_e788acc6/4ac46314-en.pdf
Taxing Wages 2026 - Colombia	/content/dam/oecd/en/publications/reports/2026/04/taxing-wages-2026-country-notes_491a0e97/colombia_87cf8c32/b5a53336-en.pdf
Colombia - Taxing Wages 2026 full	/content/dam/oecd/en/publications/reports/2026/04/taxing-wages-2026_d1f39986/3a5169ef-en.pdf
Colombia - Foundations for Growth and Competitiveness 2026	/content/dam/oecd/en/publications/reports/2026/04/foundations-for-growth-and-competitiveness-2026_f68a156b/40a7532f-en.pdf
Anti-Corruption and Integrity Outlook 2026 - Colombia	/content/dam/oecd/en/publications/reports/2026/03/anti-corruption-and-integrity-outlook-2026-country-notes_b1df9263/colombia_69cd24e3/4db85a15-en.pdf
Services Trade Restrictiveness Index 2026 - Colombia	/content/dam/oecd/en/publications/reports/2026/02/oecd-services-trade-restrictiveness-index-2026-country-notes_260daa58/colombia_31fac474/2670da1b-en.pdf
Effective Carbon Rates 2025 - Colombia	/content/dam/oecd/en/publications/reports/2026/02/effective-carbon-rates-2025-country-notes_b08aeef1/colombia_9a882261/953f3b69-en.pdf
Colombia - Harmful Tax Practices 2024 Peer Review	/content/dam/oecd/en/publications/reports/2025/12/harmful-tax-practices-2024-peer-review-reports-on-the-exchange-of-information-on-tax-rulings_d946da36/c069a357-en.pdf
Revenue Statistics 2025 - Colombia	/content/dam/oecd/en/publications/reports/2025/12/revenue-statistics-2025-country-notes_3708be73/colombia_3487a1a1/7fe4ccaa-en.pdf
TALIS Starting Strong 2024 - Colombia	/content/dam/oecd/en/publications/reports/2025/11/results-from-talis-starting-strong-2024-country-notes_aafa21dc/colombia_ed950cdd/ee750064-en.pdf
Colombia - OECD Economic Outlook 2025 Issue 2	/content/dam/oecd/en/publications/reports/2025/12/oecd-economic-outlook-volume-2025-issue-2_413f7d0a/9f653ca1-en.pdf
Tax Administration 2025 - Colombia	/content/dam/oecd/en/publications/reports/2025/11/tax-administration-2025-country-notes_16fbc1b7/colombia_8aefea7f/3dc1762d-en.pdf
EU integrated support to peace in Colombia	/content/dam/oecd/en/publications/reports/2021/03/development-co-operation-tips-tools-insights-practices_d307b396/eu-integrated-support-to-peace-in-colombia_2bb1a0e8/32f3b2fe-en.pdf
Health at a Glance 2025 - Colombia	/content/dam/oecd/en/publications/reports/2025/11/health-at-a-glance-2025-country-notes_2f94481e/colombia_10cda4ee/971e6076-en.pdf
Colombia - Latin American Economic Outlook 2025	/content/dam/oecd/en/publications/reports/2025/11/latin-american-economic-outlook-2025_6bb4d44e/80e48de5-en.pdf
Colombia - International Migration Outlook 2025	/content/dam/oecd/en/publications/reports/2025/11/international-migration-outlook-2025_355ae9fd/ae26c893-en.pdf
TALIS 2024 - Colombia	/content/dam/oecd/en/publications/reports/2025/10/results-from-talis-2024-country-notes_eafd703e/colombia_04c7b413/8f1df220-en.pdf
Corporate Governance Factbook 2025 - Colombia	/content/dam/oecd/en/publications/reports/2025/09/oecd-corporate-governance-factbook-2025-country-notes_e5150ab3/colombia_ddad41f8/c606b6d7-en.pdf
Education at a Glance 2025 - Colombia	/content/dam/oecd/en/publications/reports/2025/09/education-at-a-glance-2025-country-notes_9749f4ff/colombia_46c9e462/32e069b7-en.pdf
Government at a Glance 2025 - Colombia	/content/dam/oecd/en/publications/reports/2025/06/government-at-a-glance-2025-country-notes_9de36e82/colombia_581468bd/87c14c31-en.pdf
Colombia - OECD Economic Outlook 2025 Issue 1	/content/dam/oecd/en/publications/reports/2025/06/oecd-economic-outlook-volume-2025-issue-1_1fd979a8/83363382-en.pdf
Revenue Statistics in LAC 2025 - Colombia	/content/dam/oecd/en/publications/reports/2025/05/revenue-statistics-in-latin-america-and-the-caribbean-2025-country-notes_29961c77/colombia_c5cf926b/fe341f27-en.pdf
Creative minds in action	/content/dam/oecd/en/publications/reports/2025/05/creative-minds-in-action_8012a11b/5b718eb2-en.pdf
Taxing Wages 2025 - Colombia	/content/dam/oecd/en/publications/reports/2025/04/taxing-wages-2025-country-notes_16d47563/colombia_511db0ad/4d618d8e-en.pdf
Colombia - OECD Regulatory Policy Outlook 2025	/content/dam/oecd/en/publications/reports/2025/04/oecd-regulatory-policy-outlook-2025_a754bf4c/56b60e39-en.pdf
Reinforcing civic space in Latin America and the Caribbean	/content/dam/oecd/en/publications/reports/2025/03/reinforcing-civic-space-in-latin-america-and-the-caribbean_51d35dbd/4b3def3a-en.pdf
Services Trade Restrictiveness Index - Colombia	/content/dam/oecd/en/publications/reports/2025/02/oecd-services-trade-restrictiveness-index-country-notes_6dea991e/colombia_014db5d0/3eb19d77-en.pdf
Colombia - Harmful Tax Practices 2023 Peer Review	/content/dam/oecd/en/publications/reports/2024/12/harmful-tax-practices-2023-peer-review-reports-on-the-exchange-of-information-on-tax-rulings_1c3b34ec/efbad00d-en.pdf
Colombia - Latin American Economic Outlook 2024	/content/dam/oecd/en/publications/reports/2024/12/latin-american-economic-outlook-2024_60523697/c437947f-en.pdf
Colombia - OECD Economic Outlook 2024 Issue 2	/content/dam/oecd/en/publications/reports/2024/12/oecd-economic-outlook-volume-2024-issue-2_67bb8fac/d8814e8b-en.pdf
Job Creation and Local Economic Development 2024 - Colombia	/content/dam/oecd/en/publications/reports/2024/11/job-creation-and-local-economic-development-2024-country-notes_65d489c5/colombia_1ea3dee8/229e40f2-en.pdf
2023 OECD-IDB Digital Government Index of LAC	/content/dam/oecd/en/publications/reports/2024/11/2023-oecd-idb-digital-government-index-of-latin-america-and-the-caribbean_5a9af6c4/10b82c83-en.pdf
Computers for Education - Colombia	/content/dam/oecd/en/publications/reports/2024/11/oecd-youth-policy-toolkit_7ae28a3d/computers-for-education-colombia_e71fdbc3/2fee14d4-en.pdf
Workshop Schools Tools for Peace Programme - Colombia	/content/dam/oecd/en/publications/reports/2024/11/oecd-youth-policy-toolkit_7ae28a3d/workshop-schools-tools-for-peace-programme-colombia_d38b635d/591f85ad-en.pdf
Young Rural Entrepreneurs - Colombia	/content/dam/oecd/en/publications/reports/2024/11/oecd-youth-policy-toolkit_7ae28a3d/young-rural-entrepreneurs-colombia_748291f7/24fa35c1-en.pdf
Tackling the Impact of Cancer - Colombia	/content/dam/oecd/en/publications/reports/2024/11/tackling-the-impact-of-cancer-on-health-the-economy-and-society-country-notes_db760f3f/colombia_f5d7602d/2b6c498f-en.pdf
The surge of GSSS bonds in Latin America and the Caribbean	/content/dam/oecd/en/publications/reports/2024/11/the-surge-of-green-social-sustainability-and-sustainability-linked-gsss-bonds-in-latin-america-and-the-caribbean_c05e8147/f1c893a3-en.pdf
Colombia - International Migration Outlook 2024	/content/dam/oecd/en/publications/reports/2024/11/international-migration-outlook-2024_c6f3e803/50b0353e-en.pdf
Public Innovation for Social Inclusion in Ibero-America	/content/dam/oecd/en/publications/reports/2024/11/public-innovation-for-social-inclusion-in-ibero-america_f77a55fc/97d84618-en.pdf
Hows Life 2024 - Colombia	/content/dam/oecd/en/publications/reports/2024/10/how-s-life-2024-country-notes_c64ecb0e/colombia_f4ea27db/b3f50f4d-en.pdf
Colombia - Country-by-Country Reporting 2024 Peer Review	/content/dam/oecd/en/publications/reports/2024/09/country-by-country-reporting-compilation-of-2024-peer-review-reports_2d920602/f3d3f36f-en.pdf
Designing and engaging in horizontal and inclusive partnerships - Spain	/content/dam/oecd/en/publications/reports/2021/03/development-co-operation-tips-tools-insights-practices_d307b396/designing-and-engaging-in-horizontal-and-inclusive-partnerships-spain-s-bilateral-partnership-frameworks_79e96a53/f224b677-en.pdf
Education at a Glance 2024 - Colombia	/content/dam/oecd/en/publications/reports/2024/09/education-at-a-glance-2024-country-notes_532eb29d/colombia_cd55bf73/0eba06c5-en.pdf
Conecta Empleo	/content/dam/oecd/en/publications/reports/2023/03/observatory-on-digital-technologies-in-career-guidance-for-youth-odicy_c4134773/conecta-empleo-connect-to-employment_413092a5/d5147b05-en.pdf
OECD Survey on Drivers of Trust 2024 - Colombia	/content/dam/oecd/en/publications/reports/2024/06/oecd-survey-on-drivers-of-trust-in-public-institutions-2024-results-country-notes_33192204/colombia_a71f1c24/c7b8e955-en.pdf
PISA 2022 Volume III - Colombia	/content/dam/oecd/en/publications/reports/2024/06/pisa-2022-results-volume-iii-country-notes_72b418f8/colombia_6f25f9bf/77e89cd2-en.pdf
Data on homelessness 2024 - Colombia	/content/dam/oecd/en/publications/reports/2024/11/data-on-homelessness-2024-country-notes_d0959ab4/colombia_6f54fd9d/1f0ca5db-en.pdf
Government at a Glance Latin America 2024 - Colombia	/content/dam/oecd/en/publications/reports/2024/02/government-at-a-glance-latin-america-2024-country-notes_1cbc6c85/colombia_69ca823e/2423fc11-en.pdf
PISA 2022 Volume I and II - Colombia	/content/dam/oecd/en/publications/reports/2023/11/pisa-2022-results-volume-i-and-ii-country-notes_2fca04b9/colombia_6ba7ebff/dd5f34d9-en.pdf
Health at a Glance 2023 - Colombia	/content/dam/oecd/en/publications/reports/2025/07/health-at-a-glance-2023_39bcb58d/colombia_9e21fcce/f8147b41-en.pdf
OECD Regional Outlook 2023 - Colombia	/content/dam/oecd/en/publications/reports/2024/12/oecd-regional-outlook-2023-country-notes_48701f02/colombia_7c2e43e9/9a2f73e0-en.pdf
Government at a Glance 2023 - Colombia	/content/dam/oecd/en/publications/reports/2023/06/government-at-a-glance-2023-country-notes_a95d10b5/colombia_d0d4464c/c0f36114-en.pdf
Building and financing the transport infrastructure of tomorrow	/content/dam/oecd/en/publications/reports/2022/12/building-and-financing-the-transport-infrastructure-of-tomorrow_079e65d7/3292ad01-en.pdf
Connection and empowerment of Colombian agricultural producers	/content/dam/oecd/en/publications/reports/2022/08/digital-for-smes-case-studies_da64df55/connection-and-empowerment-of-colombian-agricultural-producers-through-innovative-digital-solutions_9497d161/b0afe0d8-en.pdf
OECD Regions and Cities at a Glance 2022 - Colombia	/content/dam/oecd/en/publications/reports/2024/11/oecd-regions-and-cities-at-a-glance-2022-country-notes_00a3f24b/colombia_4cc40cad/636139f0-en.pdf
Enhancing the public procurement suppliers registry in Colombia	/content/dam/oecd/en/publications/reports/2022/10/enhancing-the-public-procurement-suppliers-registry-in-colombia_d67741e5/36348f43-en.pdf
Knowledge sharing on user-centred digital citizen services	/content/dam/oecd/en/publications/reports/2021/03/development-co-operation-tips-tools-insights-practices_d307b396/knowledge-sharing-on-user-centred-digital-citizen-services-the-experience-of-colombia-and-the-united-kingdom_9c9635f2/69ce1913-en.pdf
Employment protection information 2019 - Colombia	/content/dam/oecd/en/publications/reports/2024/10/employment-protection-information-2019-country-notes_c421e786/colombia_099f9182/cfbc4bb6-en.pdf
OECD Regional Outlook 2021 - Colombia	/content/dam/oecd/en/publications/reports/2025/01/oecd-regional-outlook-2021-country-notes_34df3559/colombia_66daa4fc/6db92100-en.pdf
Collective bargaining 2021 - Colombia	/content/dam/oecd/en/publications/reports/2024/10/main-indicators-and-characteristics-of-collective-bargaining-2021-country-notes_4b5553c9/colombia_7dca0967/7d4ec3ea-en.pdf
Job Creation and Local Economic Development 2020 - Colombia	/content/dam/oecd/en/publications/reports/2024/12/job-creation-and-local-economic-development-2020-country-notes_e56921c2/colombia_7f085d10/d7be5725-en.pdf
Rural Well-being - Colombia	/content/dam/oecd/en/publications/reports/2024/12/rural-well-being-country-notes_d66ebd53/colombia_d28461c4/120dade1-en.pdf
Pension Policy Notes - Colombia	/content/dam/oecd/en/publications/reports/2025/02/pension-policy-notes-country-notes_d85a89d3/colombia_3d7a94b8/7d08c4b6-en.pdf
Open Useful and Re-usable data OURdata Index 2019	/content/dam/oecd/en/publications/reports/2020/03/open-useful-and-re-usable-data-ourdata-index-2019_4c070c33/45f6de2d-en.pdf
Managing the Minerals Sector - Peru and Colombia	/content/dam/oecd/en/publications/reports/2015/12/managing-the-minerals-sector-implications-for-trade-from-peru-and-colombia_g17a272e/5jrp6wrc2r7l-en.pdf
